TASK_NAME;TASK_PHASE;BUDGET_ID;ASSIGNEE_ID;TASK_TYPE;DUE_DATE;PARENT_ID;RELATION_ID;

Test Task from API;1;22;223;1;2026-06-01;2026-06-4;37;48;
HLD - Key Vault;
LLD -
Impl-IaC -  
HLD - Private DNS+Endpoint;
LLD - Private DNS+Endpoint;
Impl-IaC - Private DNS+Endpoint;
HLD - Azure DB for PostgreSQL;
LLD - Azure DB for PostgreSQL;
Impl-IaC - Azure DB for PostgreSQL;
HLD - Cache 4 Redis;
LLD - Cache 4 Redis;
Impl-IaC - Cache 4 Redis;
HLD - APIM;
LLD - APIM;
Impl-IaC - APIM;
HLD - Azure Front-Door;
LLD - Azure Front-Door;
Impl-IaC - Azure Front-Door;
HLD - Azure Storage;
LLD - Azure Storage;
Impl-IaC - Azure Storage;
HLD - Azure Container Registry;
LLD - Azure Container Registry;
Impl-IaC - Azure Container Registry;
HLD - Workload Identities;
LLD - Workload Identities;
Impl-IaC - Workload Identities;
HLD - App Gateway;
LLD - App Gateway;
Impl-IaC - App Gateway;
HLD - App Service;
LLD - App Service;
Impl-IaC - App Service;
HLD - CosmosDB;
LLD - CosmosDB;
Impl-IaC - CosmosDB;
HLD - AKS;
LLD - AKS;
Impl-IaC - AKS; 
HLD - SQL + MI;
LLD - SQL + MI
Impl-IaC - SQL + MI
HLD - Azure Function;
LLD - Azure Function;
Impl-IaC - Azure Function;
HLD - Azure BackUp;
LLD - Azure BackUp;
Impl-IaC - Azure BackUp;
HLD - K8S Fleet Manager;
LLD - K8S Fleet Manager;
Impl-IaC - K8S Fleet Manager;
HLD - Azure Site Recovery;
LLD - Azure Site Recovery;
Impl-IaC - Azure Site Recovery;
HLD - Azure ML;
LLD - Azure ML;
Impl-IaC - Azure ML;
HLD - Azure  Datalake;
LLD - Azure  Datalake;
Impl-IaC - Azure  Datalake;
HLD - Azure Container Apps LZA;
LLD - Azure Container Apps LZA;
Impl-IaC - Azure Container Apps LZA;
HLD - Azure Kubernetes Service LZA;
LLD - Azure Kubernetes Service LZA;
Impl-IaC - Azure Kubernetes Service LZA;
HLD - App Service LZA;
LLD - App Service LZA;
Impl-IaC - App Service LZA;
HLD - VMSS;
LLD - VMSS;
Impl-IaC - VMSS;
HLD - Azure AI services;
LLD - Azure AI services;
Impl-IaC - Azure AI services;
HLD - Datalake analytics;
LLD - Datalake analytics;
Impl-IaC - Datalake analytics;
HLD - Azure DataFactory;
LLD - Azure DataFactory;
Impl-IaC - Azure DataFactory;
HLD - Event Hub;
LLD - Event Hub;
Impl-IaC - Event Hub;
HLD - Event Grid;
LLD - Event Grid;
Impl-IaC - Event Grid;
HLD - MS Fabric;
LLD - MS Fabric;
Impl-IaC - MS Fabric;
HLD - HDInisghts;
LLD - HDInisghts;
Impl-IaC - HDInisghts;
HLD - MongoDB Atlas;
LLD - MongoDB Atlas;
Impl-IaC - MongoDB Atlas;
HLD - MS Fabric;
LLD - MS Fabric;
Impl-IaC - MS Fabric;
HLD - xxx;
LLD - xxx;
Impl-IaC - xxx;
HLD - xxx;
LLD - xxx;
Impl-IaC - xxx;
HLD - xxx;
LLD - xxx;
Impl-IaC - xxx;